CNC.Controls.Viewer.g.en-US.resources:viewer.baml,btn_resetView:System.Windows.Controls.ContentControl.Content,Button,True,True,,Nézet visszaállítása
CNC.Controls.Viewer.g.en-US.resources:configcontrol.baml,fld_arcResolution:CNC.Controls.NumericField.Label,None,False,True,,Ívfelbontás:
CNC.Controls.Viewer.g.en-US.resources:configcontrol.baml,fld_arcResolution:CNC.Controls.NumericField.Unit,None,False,True,,szegmensek
CNC.Controls.Viewer.g.en-US.resources:configcontrol.baml,fld_minDistance:CNC.Controls.NumericField.Label,None,False,True,,Minimális távolság:
CNC.Controls.Viewer.g.en-US.resources:configcontrol.baml,fld_toolDiameter:CNC.Controls.NumericField.Label,None,False,True,,Szerszám átmérő:
CNC.Controls.Viewer.g.en-US.resources:configcontrol.baml,fld_toolDiameter:CNC.Controls.NumericField.Unit,None,False,True,,mm
CNC.Controls.Viewer.g.en-US.resources:configcontrol.baml,fld_toolDiameter:System.Windows.FrameworkElement.ToolTip,ToolTip,True,True,,Alapértelmezett szerszámátmérő.
CNC.Controls.Viewer.g.en-US.resources:configcontrol.baml,fld_toolScalePct:CNC.Controls.NumericField.Unit,None,False,True,,%
CNC.Controls.Viewer.g.en-US.resources:configcontrol.baml,grp_gcodeViewer:System.Windows.Controls.HeaderedContentControl.Header,Label,True,True,,GCode Néző
CNC.Controls.Viewer.g.en-US.resources:configcontrol.baml,lbl_blackBackgroud:System.Windows.Controls.ContentControl.Content,CheckBox,True,True,,Fekete háttér
CNC.Controls.Viewer.g.en-US.resources:configcontrol.baml,lbl_cutColor:System.Windows.Controls.ContentControl.Content,Label,True,True,,Vágási szín:
CNC.Controls.Viewer.g.en-US.resources:configcontrol.baml,lbl_enable:System.Windows.Controls.ContentControl.Content,CheckBox,True,True,,Engedélyezze
CNC.Controls.Viewer.g.en-US.resources:configcontrol.baml,lbl_gridColor:System.Windows.Controls.ContentControl.Content,Label,True,True,,Rács színe:
CNC.Controls.Viewer.g.en-US.resources:configcontrol.baml,lbl_highlightColor:System.Windows.Controls.ContentControl.Content,Label,True,True,,Szín kiemelése:
CNC.Controls.Viewer.g.en-US.resources:configcontrol.baml,lbl_highlightCompleted:System.Windows.Controls.ContentControl.Content,CheckBox,True,True,,Emelje ki a befejezett vágásokat
CNC.Controls.Viewer.g.en-US.resources:configcontrol.baml,lbl_rapidsColor:System.Windows.Controls.ContentControl.Content,Label,True,True,,A gyors mozgások színe:
CNC.Controls.Viewer.g.en-US.resources:configcontrol.baml,lbl_retractColor:System.Windows.Controls.ContentControl.Content,Label,True,True,,Visszahúzási szín:
CNC.Controls.Viewer.g.en-US.resources:configcontrol.baml,lbl_showAxes:System.Windows.Controls.ContentControl.Content,CheckBox,True,True,,Mutasd a tengelyeket
CNC.Controls.Viewer.g.en-US.resources:configcontrol.baml,lbl_showBbox:System.Windows.Controls.ContentControl.Content,CheckBox,True,True,,Határolókeret megjelenítése
CNC.Controls.Viewer.g.en-US.resources:configcontrol.baml,lbl_showCoordSys:System.Windows.Controls.ContentControl.Content,CheckBox,True,True,,Koordinátarendszer megjelenítése
CNC.Controls.Viewer.g.en-US.resources:configcontrol.baml,lbl_showGrid:System.Windows.Controls.ContentControl.Content,CheckBox,True,True,,Rács megjelenítése
CNC.Controls.Viewer.g.en-US.resources:configcontrol.baml,lbl_showOverlay:System.Windows.Controls.ContentControl.Content,CheckBox,True,True,,Szöveg megjelenítése
CNC.Controls.Viewer.g.en-US.resources:configcontrol.baml,lbl_showViewCube:System.Windows.Controls.ContentControl.Content,CheckBox,True,True,,Megjelenítés ViewCube
CNC.Controls.Viewer.g.en-US.resources:configcontrol.baml,lbl_toolAutoScale:System.Windows.Controls.ContentControl.Content,CheckBox,True,True,,Automatikus méretezési eszköz
CNC.Controls.Viewer.g.en-US.resources:rendercontrol.baml,resetView:System.Windows.Controls.ContentControl.Content,Button,True,True,,Resources/ResetView.png
CNC.Controls.Viewer.g.en-US.resources:rendercontrol.baml,resetView:System.Windows.FrameworkElement.ToolTip,ToolTip,True,True,,Nézet visszaállítása (Ctrl+V)
CNC.Controls.Viewer.g.en-US.resources:rendercontrol.baml,restoreView:System.Windows.Controls.ContentControl.Content,Button,True,True,,Resources/RestoreView.png
CNC.Controls.Viewer.g.en-US.resources:rendercontrol.baml,restoreView:System.Windows.FrameworkElement.ToolTip,ToolTip,True,True,,Nézet visszaállítása (Ctrl+R)
CNC.Controls.Viewer.g.en-US.resources:rendercontrol.baml,saveView:System.Windows.FrameworkElement.ToolTip,ToolTip,True,True,,Nézet mentése
CNC.Controls.Viewer.g.en-US.resources:rendercontrol.baml,saveView:System.Windows.Controls.ContentControl.Content,Button,True,True,,Resources/SaveView.png
CNC.Controls.Viewer.g.en-US.resources:rendercontrol.baml,showGrid:System.Windows.FrameworkElement.ToolTip,ToolTip,True,True,,A rács láthatóságának váltása (Ctrl+G)
CNC.Controls.Viewer.g.en-US.resources:rendercontrol.baml,showGrid:System.Windows.Controls.ContentControl.Content,Button,True,True,,Resources/GridOn.png
CNC.Controls.Viewer.g.en-US.resources:rendercontrol.baml,showJobEnvelope:System.Windows.FrameworkElement.ToolTip,ToolTip,True,True,,Munkahatárok láthatóságának váltása (Ctrl+J)
CNC.Controls.Viewer.g.en-US.resources:rendercontrol.baml,showJobEnvelope:System.Windows.Controls.ContentControl.Content,Button,True,True,,Resources/JobBoxOn.png
CNC.Controls.Viewer.g.en-US.resources:rendercontrol.baml,showWorkEnvelope:System.Windows.FrameworkElement.ToolTip,ToolTip,True,True,,A gépi munkaboríték láthatóságának váltása (Ctrl+W)
CNC.Controls.Viewer.g.en-US.resources:rendercontrol.baml,showWorkEnvelope:System.Windows.Controls.ContentControl.Content,Button,True,True,,Resources/WorkBoxOn.png
CNC.Controls.Viewer.g.en-US.resources:rendercontrol.baml,showXYZMarkers:System.Windows.Controls.ContentControl.Content,Button,True,True,,Resources/XYZOn.png
CNC.Controls.Viewer.g.en-US.resources:rendercontrol.baml,showXYZMarkers:System.Windows.FrameworkElement.ToolTip,ToolTip,True,True,,A tengelyek láthatóságának váltása
CNC.Controls.Viewer.g.en-US.resources:renderer.baml,str_toolCone:System.String.$Content,None,True,True,,Kúp
CNC.Controls.Viewer.g.en-US.resources:renderer.baml,str_toolCrosshair:System.String.$Content,None,True,True,,Szálkereszt
CNC.Controls.Viewer.g.en-US.resources:renderer.baml,str_toolNoShow:System.String.$Content,None,True,True,,Nincs szerszám
CNC.Controls.Viewer.g.en-US.resources:carveview.baml,btn_carvePlay:System.Windows.Controls.ContentControl.Content,Button,True,True,,Play
CNC.Controls.Viewer.g.en-US.resources:carveview.baml,btn_carvePlay:System.Windows.FrameworkElement.ToolTip,ToolTip,True,True,,Simulate the loaded program in this view (does NOT move the machine).
CNC.Controls.Viewer.g.en-US.resources:carveview.baml,btn_carvePause:System.Windows.Controls.ContentControl.Content,Button,True,True,,Pause
CNC.Controls.Viewer.g.en-US.resources:carveview.baml,btn_carveStop:System.Windows.Controls.ContentControl.Content,Button,True,True,,Stop
CNC.Controls.Viewer.g.en-US.resources:carveview.baml,btn_carveReset:System.Windows.Controls.ContentControl.Content,Button,True,True,,Reset view
CNC.Controls.Viewer.g.en-US.resources:carveview.baml,cbxSpeed:System.Windows.FrameworkElement.ToolTip,ToolTip,True,True,,Playback speed
CNC.Controls.Viewer.g.en-US.resources:carveview.baml,txt_carveNoStock:System.Windows.Controls.TextBlock.Text,Text,True,True,,No stock size information
CNC.Controls.Viewer.g.en-US.resources:viewoptionsdialog.baml,vo_intro:System.Windows.Controls.TextBlock.Text,Text,True,True,,What the 3D view draws. Changes apply straight away.
CNC.Controls.Viewer.g.en-US.resources:viewoptionsdialog.baml,vo_rapids:System.Windows.Controls.ContentControl.Content,CheckBox,True,True,,Rapid moves
CNC.Controls.Viewer.g.en-US.resources:viewoptionsdialog.baml,vo_rapids:System.Windows.FrameworkElement.ToolTip,ToolTip,True,True,,The grey lines between cuts. Hiding them leaves only the cutting path.
CNC.Controls.Viewer.g.en-US.resources:viewoptionsdialog.baml,vo_stock:System.Windows.Controls.ContentControl.Content,CheckBox,True,True,,Stock block
CNC.Controls.Viewer.g.en-US.resources:viewoptionsdialog.baml,vo_stock:System.Windows.FrameworkElement.ToolTip,ToolTip,True,True,,"The material the program cuts into. Hide it to see the whole toolpath, including the parts inside the material."
CNC.Controls.Viewer.g.en-US.resources:viewoptionsdialog.baml,vo_grid:System.Windows.Controls.ContentControl.Content,CheckBox,True,True,,Bed grid
CNC.Controls.Viewer.g.en-US.resources:viewoptionsdialog.baml,vo_grid:System.Windows.FrameworkElement.ToolTip,ToolTip,True,True,,"The table grid: 50 mm squares, heavier line every 100 mm."
CNC.Controls.Viewer.g.en-US.resources:viewoptionsdialog.baml,vo_stored:System.Windows.Controls.ContentControl.Content,CheckBox,True,True,,Stored positions
CNC.Controls.Viewer.g.en-US.resources:viewoptionsdialog.baml,vo_stored:System.Windows.FrameworkElement.ToolTip,ToolTip,True,True,,"The G30 park and toolsetter signs on the bed, and the dot at machine zero."
CNC.Controls.Viewer.g.en-US.resources:viewoptionsdialog.baml,vo_reset:System.Windows.Controls.ContentControl.Content,Button,True,True,,Reset view
CNC.Controls.Viewer.g.en-US.resources:viewoptionsdialog.baml,vo_reset:System.Windows.FrameworkElement.ToolTip,ToolTip,True,True,,Zoom and centre so the whole scene fits.
CNC.Controls.Viewer.g.en-US.resources:viewoptionsdialog.baml,vo_close:System.Windows.Controls.ContentControl.Content,Button,True,True,,Close
